<annotation>
	<folder>dünya_-_Google_Arama</folder>
	<filename>9k_ (5).jpg</filename>
	<path>C:\Users\Alfa\Desktop\data\earth_-_Google_Arama\dünya_-_Google_Arama\9k_ (5).jpg</path>
	<source>
		<database>Unknown</database>
	</source>
	<size>
		<width>300</width>
		<height>300</height>
		<depth>3</depth>
	</size>
	<segmented>0</segmented>
	<object>
		<name>EARTH</name>
		<pose>Unspecified</pose>
		<truncated>1</truncated>
		<difficult>0</difficult>
		<bndbox>
			<xmin>32</xmin>
			<ymin>6</ymin>
			<xmax>277</xmax>
			<ymax>300</ymax>
		</bndbox>
	</object>
</annotation>
