<annotation>
	<folder>dünya_-_Google_Arama</folder>
	<filename>2Q__.jpg</filename>
	<path>C:\Users\Alfa\Desktop\data\earth_-_Google_Arama\dünya_-_Google_Arama\2Q__.jpg</path>
	<source>
		<database>Unknown</database>
	</source>
	<size>
		<width>300</width>
		<height>300</height>
		<depth>3</depth>
	</size>
	<segmented>0</segmented>
	<object>
		<name>EARTH</name>
		<pose>Unspecified</pose>
		<truncated>0</truncated>
		<difficult>0</difficult>
		<bndbox>
			<xmin>86</xmin>
			<ymin>29</ymin>
			<xmax>246</xmax>
			<ymax>263</ymax>
		</bndbox>
	</object>
</annotation>
