<annotation>
	<folder>jupiter_-_Google_Arama</folder>
	<filename>b9c2b709a35f05445ce17bf89c04b117 (1).jpg</filename>
	<path>C:\Users\Alfa\Desktop\data\Results_for__jupiter____NASA_Image_and_Video_Library\jupiter_-_Google_Arama\b9c2b709a35f05445ce17bf89c04b117 (1).jpg</path>
	<source>
		<database>Unknown</database>
	</source>
	<size>
		<width>300</width>
		<height>300</height>
		<depth>3</depth>
	</size>
	<segmented>0</segmented>
	<object>
		<name>JUPITER</name>
		<pose>Unspecified</pose>
		<truncated>0</truncated>
		<difficult>0</difficult>
		<bndbox>
			<xmin>64</xmin>
			<ymin>73</ymin>
			<xmax>249</xmax>
			<ymax>210</ymax>
		</bndbox>
	</object>
</annotation>
