<annotation>
	<folder>jupiter_-_Google_Arama</folder>
	<filename>images (39).jpg</filename>
	<path>C:\Users\Alfa\Desktop\data\Results_for__jupiter____NASA_Image_and_Video_Library\jupiter_-_Google_Arama\images (39).jpg</path>
	<source>
		<database>Unknown</database>
	</source>
	<size>
		<width>300</width>
		<height>300</height>
		<depth>3</depth>
	</size>
	<segmented>0</segmented>
	<object>
		<name>JUPITER</name>
		<pose>Unspecified</pose>
		<truncated>0</truncated>
		<difficult>0</difficult>
		<bndbox>
			<xmin>146</xmin>
			<ymin>15</ymin>
			<xmax>275</xmax>
			<ymax>201</ymax>
		</bndbox>
	</object>
</annotation>
