<annotation>
	<folder>jupiter_-_Google_Arama</folder>
	<filename>images (13).jpg</filename>
	<path>C:\Users\Alfa\Desktop\data\Results_for__jupiter____NASA_Image_and_Video_Library\jupiter_-_Google_Arama\images (13).jpg</path>
	<source>
		<database>Unknown</database>
	</source>
	<size>
		<width>300</width>
		<height>300</height>
		<depth>3</depth>
	</size>
	<segmented>0</segmented>
	<object>
		<name>JUPITER</name>
		<pose>Unspecified</pose>
		<truncated>0</truncated>
		<difficult>0</difficult>
		<bndbox>
			<xmin>11</xmin>
			<ymin>19</ymin>
			<xmax>297</xmax>
			<ymax>292</ymax>
		</bndbox>
	</object>
</annotation>
