<annotation>
	<folder>mars_-_Google_Arama</folder>
	<filename>116c1ee0172fcd8aca093681e7d8b0e7.jpg</filename>
	<path>C:\Users\Alfa\Desktop\data\mars_-_Google_Arama\116c1ee0172fcd8aca093681e7d8b0e7.jpg</path>
	<source>
		<database>Unknown</database>
	</source>
	<size>
		<width>300</width>
		<height>300</height>
		<depth>3</depth>
	</size>
	<segmented>0</segmented>
	<object>
		<name>MARS</name>
		<pose>Unspecified</pose>
		<truncated>0</truncated>
		<difficult>0</difficult>
		<bndbox>
			<xmin>47</xmin>
			<ymin>15</ymin>
			<xmax>257</xmax>
			<ymax>284</ymax>
		</bndbox>
	</object>
</annotation>
