<annotation>
	<folder>mars_-_Google_Arama</folder>
	<filename>images (13).jpg</filename>
	<path>C:\Users\Alfa\Desktop\data\mars_-_Google_Arama\images (13).jpg</path>
	<source>
		<database>Unknown</database>
	</source>
	<size>
		<width>300</width>
		<height>300</height>
		<depth>3</depth>
	</size>
	<segmented>0</segmented>
	<object>
		<name>MARS</name>
		<pose>Unspecified</pose>
		<truncated>0</truncated>
		<difficult>0</difficult>
		<bndbox>
			<xmin>123</xmin>
			<ymin>80</ymin>
			<xmax>269</xmax>
			<ymax>250</ymax>
		</bndbox>
	</object>
</annotation>
