<annotation>
	<folder>mars_-_Google_Arama</folder>
	<filename>ccb3d3f5e9876658f8844e67a70fc4c3.jpg</filename>
	<path>C:\Users\Alfa\Desktop\data\mars_-_Google_Arama\ccb3d3f5e9876658f8844e67a70fc4c3.jpg</path>
	<source>
		<database>Unknown</database>
	</source>
	<size>
		<width>300</width>
		<height>300</height>
		<depth>3</depth>
	</size>
	<segmented>0</segmented>
	<object>
		<name>MARS</name>
		<pose>Unspecified</pose>
		<truncated>0</truncated>
		<difficult>0</difficult>
		<bndbox>
			<xmin>25</xmin>
			<ymin>19</ymin>
			<xmax>288</xmax>
			<ymax>275</ymax>
		</bndbox>
	</object>
</annotation>
