<annotation>
	<folder>mars_-_Google_Arama</folder>
	<filename>6f12254be5f696a7211573a5dda16608.jpg</filename>
	<path>C:\Users\Alfa\Desktop\data\mars_-_Google_Arama\6f12254be5f696a7211573a5dda16608.jpg</path>
	<source>
		<database>Unknown</database>
	</source>
	<size>
		<width>300</width>
		<height>300</height>
		<depth>3</depth>
	</size>
	<segmented>0</segmented>
	<object>
		<name>MARS</name>
		<pose>Unspecified</pose>
		<truncated>0</truncated>
		<difficult>0</difficult>
		<bndbox>
			<xmin>24</xmin>
			<ymin>44</ymin>
			<xmax>280</xmax>
			<ymax>236</ymax>
		</bndbox>
	</object>
</annotation>
