<annotation>
	<folder>mars_-_Google_Arama</folder>
	<filename>189f648a8bd7a51667252bf5d102cd44.jpg</filename>
	<path>C:\Users\Alfa\Desktop\data\mars_-_Google_Arama\189f648a8bd7a51667252bf5d102cd44.jpg</path>
	<source>
		<database>Unknown</database>
	</source>
	<size>
		<width>300</width>
		<height>300</height>
		<depth>3</depth>
	</size>
	<segmented>0</segmented>
	<object>
		<name>MARS</name>
		<pose>Unspecified</pose>
		<truncated>0</truncated>
		<difficult>0</difficult>
		<bndbox>
			<xmin>22</xmin>
			<ymin>8</ymin>
			<xmax>287</xmax>
			<ymax>277</ymax>
		</bndbox>
	</object>
</annotation>
