<annotation>
	<folder>Results_for__saturn____NASA_Image_and_Video_Library</folder>
	<filename>images (45).jpg</filename>
	<path>C:\Users\Alfa\Desktop\data\Results_for__saturn____NASA_Image_and_Video_Library\images (45).jpg</path>
	<source>
		<database>Unknown</database>
	</source>
	<size>
		<width>300</width>
		<height>300</height>
		<depth>3</depth>
	</size>
	<segmented>0</segmented>
	<object>
		<name>SATURN</name>
		<pose>Unspecified</pose>
		<truncated>1</truncated>
		<difficult>0</difficult>
		<bndbox>
			<xmin>2</xmin>
			<ymin>36</ymin>
			<xmax>300</xmax>
			<ymax>233</ymax>
		</bndbox>
	</object>
</annotation>
