<annotation>
	<folder>Results_for__saturn____NASA_Image_and_Video_Library</folder>
	<filename>PIA00349_thumb.jpg</filename>
	<path>C:\Users\Alfa\Desktop\data\Results_for__saturn____NASA_Image_and_Video_Library\PIA00349_thumb.jpg</path>
	<source>
		<database>Unknown</database>
	</source>
	<size>
		<width>300</width>
		<height>300</height>
		<depth>3</depth>
	</size>
	<segmented>0</segmented>
	<object>
		<name>SATURN</name>
		<pose>Unspecified</pose>
		<truncated>0</truncated>
		<difficult>0</difficult>
		<bndbox>
			<xmin>12</xmin>
			<ymin>5</ymin>
			<xmax>290</xmax>
			<ymax>292</ymax>
		</bndbox>
	</object>
</annotation>
