<annotation>
	<folder>Results_for__saturn____NASA_Image_and_Video_Library</folder>
	<filename>PIA01273_thumb.jpg</filename>
	<path>C:\Users\Alfa\Desktop\data\Results_for__saturn____NASA_Image_and_Video_Library\PIA01273_thumb.jpg</path>
	<source>
		<database>Unknown</database>
	</source>
	<size>
		<width>300</width>
		<height>300</height>
		<depth>1</depth>
	</size>
	<segmented>0</segmented>
	<object>
		<name>SATURN</name>
		<pose>Unspecified</pose>
		<truncated>0</truncated>
		<difficult>0</difficult>
		<bndbox>
			<xmin>81</xmin>
			<ymin>73</ymin>
			<xmax>272</xmax>
			<ymax>260</ymax>
		</bndbox>
	</object>
</annotation>
